Workbook

Sheet transactions_raw
A1: transaction_id | B1: transaction_date | C1: merchant_name | D1: merchant_id | E1: cleaned_merchant_name | F1: merchant_account_manager | G1: merchant_category | H1: raw_amount | I1: currency | J1: amount_usd | K1: high_value_flag | L1: status | M1: cleaned_status | N1: risk_score | O1: cleaned_risk_score | P1: high_risk_flag | Q1: gateway_region | R1: cleaned_gateway_region | S1: user_id | T1: payment_method
A2: T001 | B2: 46082 | C2: alpha mart | D2: {=IFERROR( INDEX(merchants!A:A, MATCH(UPPER(TRIM(E2)), UPPER(TRIM(merchants!B:B)), 0) ), "MISSING")} -> M001 | E2: =UPPER(TRIM(C2)) -> ALPHA MART | F2: {=IFERROR( INDEX(merchants!C:C, MATCH(UPPER(TRIM(E2)), UPPER(TRIM(merchants!B:B)), 0) ), "MISSING")} -> Aisha Khan | G2: {=IFERROR( INDEX(merchants!D:D, MATCH(UPPER(TRIM(E2)), UPPER(TRIM(merchants!B:B)), 0) ), "MISSING")} -> Grocery | H2: 420000 | I2: INR | J2: {=IFERROR( H2 * INDEX(exchange_rates!C$2:C$100, MATCH(1, (exchange_rates!A$2:A$100=B2) * (UPPER(TRIM(exchange_rates!B$2:B$100))=UPPER(TRIM(I2))), 0) ), "MISSING")} -> 4998 | K2: =IF(AND(R2="APAC",J2>5000),1, IF(AND(R2="EU",J2>6000),1, IF(AND(R2="US",J2>7000),1,0))) -> 0 | L2: captured | M2: =UPPER(TRIM(L2)) -> CAPTURED | N2: score:62 | O2: =IFERROR(VALUE(RIGHT(N2, LEN(N2) - MAX(IFERROR(FIND(":",N2),0), IFERROR(FIND("-",N2),0)))), "MISSING") -> 62 | P2: =IF(OR(AND(ISNUMBER(O2),O2>=70),ISNUMBER(SEARCH("chargeback",M2))),1,0) -> 0 | Q2: APAC | R2: =IF(Q2="","MISSING",UPPER(TRIM(Q2))) -> APAC | S2: U001 | T2: UPI
A3: T002 | B3: 46082 | C3: ALPHA MART | D3: {=IFERROR( INDEX(merchants!A:A, MATCH(UPPER(TRIM(E3)), UPPER(TRIM(merchants!B:B)), 0) ), "MISSING")} -> M001 | E3: =UPPER(TRIM(C3)) -> ALPHA MART | F3: {=IFERROR( INDEX(merchants!C:C, MATCH(UPPER(TRIM(E3)), UPPER(TRIM(merchants!B:B)), 0) ), "MISSING")} -> Aisha Khan | G3: {=IFERROR( INDEX(merchants!D:D, MATCH(UPPER(TRIM(E3)), UPPER(TRIM(merchants!B:B)), 0) ), "MISSING")} -> Grocery | H3: 210000 | I3: INR | J3: {=IFERROR( H3 * INDEX(exchange_rates!C$2:C$100, MATCH(1, (exchange_rates!A$2:A$100=B3) * (UPPER(TRIM(exchange_rates!B$2:B$100))=UPPER(TRIM(I3))), 0) ), "MISSING")} -> 2499 | K3: =IF(AND(R3="APAC",J3>5000),1, IF(AND(R3="EU",J3>6000),1, IF(AND(R3="US",J3>7000),1,0))) -> 0 | L3: Captured | M3: =UPPER(TRIM(L3)) -> CAPTURED | N3: 55 | O3: =IFERROR(VALUE(RIGHT(N3, LEN(N3) - MAX(IFERROR(FIND(":",N3),0), IFERROR(FIND("-",N3),0)))), "MISSING") -> 55 | P3: =IF(OR(AND(ISNUMBER(O3),O3>=70),ISNUMBER(SEARCH("chargeback",M3))),1,0) -> 0 | R3: =IF(Q3="","MISSING",UPPER(TRIM(Q3))) -> MISSING | S3: U002 | T3: Card
A4: T003 | B4: 46082 | C4: BETA STORES | D4: {=IFERROR( INDEX(merchants!A:A, MATCH(UPPER(TRIM(E4)), UPPER(TRIM(merchants!B:B)), 0) ), "MISSING")} -> M002 | E4: =UPPER(TRIM(C4)) -> BETA STORES | F4: {=IFERROR( INDEX(merchants!C:C, MATCH(UPPER(TRIM(E4)), UPPER(TRIM(merchants!B:B)), 0) ), "MISSING")} -> Rohan Mehta | G4: {=IFERROR( INDEX(merchants!D:D, MATCH(UPPER(TRIM(E4)), UPPER(TRIM(merchants!B:B)), 0) ), "MISSING")} -> Electronics | H4: 510000 | I4: INR | J4: {=IFERROR( H4 * INDEX(exchange_rates!C$2:C$100, MATCH(1, (exchange_rates!A$2:A$100=B4) * (UPPER(TRIM(exchange_rates!B$2:B$100))=UPPER(TRIM(I4))), 0) ), "MISSING")} -> 6069 | K4: =IF(AND(R4="APAC",J4>5000),1, IF(AND(R4="EU",J4>6000),1, IF(AND(R4="US",J4>7000),1,0))) -> 1 | L4: CAPTURED | M4: =UPPER(TRIM(L4)) -> CAPTURED | N4: 71 | O4: =IFERROR(VALUE(RIGHT(N4, LEN(N4) - MAX(IFERROR(FIND(":",N4),0), IFERROR(FIND("-",N4),0)))), "MISSING") -> 71 | P4: =IF(OR(AND(ISNUMBER(O4),O4>=70),ISNUMBER(SEARCH("chargeback",M4))),1,0) -> 1 | Q4: APAC | R4: =IF(Q4="","MISSING",UPPER(TRIM(Q4))) -> APAC | S4: U003 | T4: NetBanking
A5: T004 | B5: 46083 | C5: Beta Stores | D5: {=IFERROR( INDEX(merchants!A:A, MATCH(UPPER(TRIM(E5)), UPPER(TRIM(merchants!B:B)), 0) ), "MISSING")} -> M002 | E5: =UPPER(TRIM(C5)) -> BETA STORES | F5: {=IFERROR( INDEX(merchants!C:C, MATCH(UPPER(TRIM(E5)), UPPER(TRIM(merchants!B:B)), 0) ), "MISSING")} -> Rohan Mehta | G5: {=IFERROR( INDEX(merchants!D:D, MATCH(UPPER(TRIM(E5)), UPPER(TRIM(merchants!B:B)), 0) ), "MISSING")} -> Electronics | H5: 160000 | I5: INR | J5: {=IFERROR( H5 * INDEX(exchange_rates!C$2:C$100, MATCH(1, (exchange_rates!A$2:A$100=B5) * (UPPER(TRIM(exchange_rates!B$2:B$100))=UPPER(TRIM(I5))), 0) ), "MISSING")} -> 1920 | K5: =IF(AND(R5="APAC",J5>5000),1, IF(AND(R5="EU",J5>6000),1, IF(AND(R5="US",J5>7000),1,0))) -> 0 | L5: failed e05 timeout | M5: =UPPER(TRIM(L5)) -> FAILED E05 TIMEOUT | N5: 68 | O5: =IFERROR(VALUE(RIGHT(N5, LEN(N5) - MAX(IFERROR(FIND(":",N5),0), IFERROR(FIND("-",N5),0)))), "MISSING") -> 68 | P5: =IF(OR(AND(ISNUMBER(O5),O5>=70),ISNUMBER(SEARCH("chargeback",M5))),1,0) -> 0 | Q5: apac | R5: =IF(Q5="","MISSING",UPPER(TRIM(Q5))) -> APAC | S5: U004 | T5: Card
A6: T005 | B6: 46083 | C6: Alpha Mart | D6: {=IFERROR( INDEX(merchants!A:A, MATCH(UPPER(TRIM(E6)), UPPER(TRIM(merchants!B:B)), 0) ), "MISSING")} -> M001 | E6: =UPPER(TRIM(C6)) -> ALPHA MART | F6: {=IFERROR( INDEX(merchants!C:C, MATCH(UPPER(TRIM(E6)), UPPER(TRIM(merchants!B:B)), 0) ), "MISSING")} -> Aisha Khan | G6: {=IFERROR( INDEX(merchants!D:D, MATCH(UPPER(TRIM(E6)), UPPER(TRIM(merchants!B:B)), 0) ), "MISSING")} -> Grocery | H6: 390000 | I6: INR | J6: {=IFERROR( H6 * INDEX(exchange_rates!C$2:C$100, MATCH(1, (exchange_rates!A$2:A$100=B6) * (UPPER(TRIM(exchange_rates!B$2:B$100))=UPPER(TRIM(I6))), 0) ), "MISSING")} -> 4680 | K6: =IF(AND(R6="APAC",J6>5000),1, IF(AND(R6="EU",J6>6000),1, IF(AND(R6="US",J6>7000),1,0))) -> 0 | L6: CAPTURED | M6: =UPPER(TRIM(L6)) -> CAPTURED | N6: 58 | O6: =IFERROR(VALUE(RIGHT(N6, LEN(N6) - MAX(IFERROR(FIND(":",N6),0), IFERROR(FIND("-",N6),0)))), "MISSING") -> 58 | P6: =IF(OR(AND(ISNUMBER(O6),O6>=70),ISNUMBER(SEARCH("chargeback",M6))),1,0) -> 0 | R6: =IF(Q6="","MISSING",UPPER(TRIM(Q6))) -> MISSING | S6: U001 | T6: UPI
A7: T006 | B7: 46083 | C7: Beta Stores | D7: {=IFERROR( INDEX(merchants!A:A, MATCH(UPPER(TRIM(E7)), UPPER(TRIM(merchants!B:B)), 0) ), "MISSING")} -> M002 | E7: =UPPER(TRIM(C7)) -> BETA STORES | F7: {=IFERROR( INDEX(merchants!C:C, MATCH(UPPER(TRIM(E7)), UPPER(TRIM(merchants!B:B)), 0) ), "MISSING")} -> Rohan Mehta | G7: {=IFERROR( INDEX(merchants!D:D, MATCH(UPPER(TRIM(E7)), UPPER(TRIM(merchants!B:B)), 0) ), "MISSING")} -> Electronics | H7: 275000 | I7: INR | J7: {=IFERROR( H7 * INDEX(exchange_rates!C$2:C$100, MATCH(1, (exchange_rates!A$2:A$100=B7) * (UPPER(TRIM(exchange_rates!B$2:B$100))=UPPER(TRIM(I7))), 0) ), "MISSING")} -> 3300 | K7: =IF(AND(R7="APAC",J7>5000),1, IF(AND(R7="EU",J7>6000),1, IF(AND(R7="US",J7>7000),1,0))) -> 0 | L7: Captured | M7: =UPPER(TRIM(L7)) -> CAPTURED | N7: score:64 | O7: =IFERROR(VALUE(RIGHT(N7, LEN(N7) - MAX(IFERROR(FIND(":",N7),0), IFERROR(FIND("-",N7),0)))), "MISSING") -> 64 | P7: =IF(OR(AND(ISNUMBER(O7),O7>=70),ISNUMBER(SEARCH("chargeback",M7))),1,0) -> 0 | R7: =IF(Q7="","MISSING",UPPER(TRIM(Q7))) -> MISSING | S7: U005 | T7: Wallet
A8: T007 | B8: 46083 | C8: Alpha Mart | D8: {=IFERROR( INDEX(merchants!A:A, MATCH(UPPER(TRIM(E8)), UPPER(TRIM(merchants!B:B)), 0) ), "MISSING")} -> M001 | E8: =UPPER(TRIM(C8)) -> ALPHA MART | F8: {=IFERROR( INDEX(merchants!C:C, MATCH(UPPER(TRIM(E8)), UPPER(TRIM(merchants!B:B)), 0) ), "MISSING")} -> Aisha Khan | G8: {=IFERROR( INDEX(merchants!D:D, MATCH(UPPER(TRIM(E8)), UPPER(TRIM(merchants!B:B)), 0) ), "MISSING")} -> Grocery | H8: 450000 | I8: INR | J8: {=IFERROR( H8 * INDEX(exchange_rates!C$2:C$100, MATCH(1, (exchange_rates!A$2:A$100=B8) * (UPPER(TRIM(exchange_rates!B$2:B$100))=UPPER(TRIM(I8))), 0) ), "MISSING")} -> 5400 | K8: =IF(AND(R8="APAC",J8>5000),1, IF(AND(R8="EU",J8>6000),1, IF(AND(R8="US",J8>7000),1,0))) -> 1 | L8: chargeback | M8: =UPPER(TRIM(L8)) -> CHARGEBACK | N8: risk-83 | O8: =IFERROR(VALUE(RIGHT(N8, LEN(N8) - MAX(IFERROR(FIND(":",N8),0), IFERROR(FIND("-",N8),0)))), "MISSING") -> 83 | P8: =IF(OR(AND(ISNUMBER(O8),O8>=70),ISNUMBER(SEARCH("chargeback",M8))),1,0) -> 1 | Q8: APAC | R8: =IF(Q8="","MISSING",UPPER(TRIM(Q8))) -> APAC | S8: U006 | T8: Card
A9: T008 | B9: 46084 | C9: BETA STORES | D9: {=IFERROR( INDEX(merchants!A:A, MATCH(UPPER(TRIM(E9)), UPPER(TRIM(merchants!B:B)), 0) ), "MISSING")} -> M002 | E9: =UPPER(TRIM(C9)) -> BETA STORES | F9: {=IFERROR( INDEX(merchants!C:C, MATCH(UPPER(TRIM(E9)), UPPER(TRIM(merchants!B:B)), 0) ), "MISSING")} -> Rohan Mehta | G9: {=IFERROR( INDEX(merchants!D:D, MATCH(UPPER(TRIM(E9)), UPPER(TRIM(merchants!B:B)), 0) ), "MISSING")} -> Electronics | H9: 340000 | I9: INR | J9: {=IFERROR( H9 * INDEX(exchange_rates!C$2:C$100, MATCH(1, (exchange_rates!A$2:A$100=B9) * (UPPER(TRIM(exchange_rates!B$2:B$100))=UPPER(TRIM(I9))), 0) ), "MISSING")} -> 4114 | K9: =IF(AND(R9="APAC",J9>5000),1, IF(AND(R9="EU",J9>6000),1, IF(AND(R9="US",J9>7000),1,0))) -> 0 | L9: Captured | M9: =UPPER(TRIM(L9)) -> CAPTURED | N9: 59 | O9: =IFERROR(VALUE(RIGHT(N9, LEN(N9) - MAX(IFERROR(FIND(":",N9),0), IFERROR(FIND("-",N9),0)))), "MISSING") -> 59 | P9: =IF(OR(AND(ISNUMBER(O9),O9>=70),ISNUMBER(SEARCH("chargeback",M9))),1,0) -> 0 | R9: =IF(Q9="","MISSING",UPPER(TRIM(Q9))) -> MISSING | S9: U007 | T9: UPI
A10: T009 | B10: 46084 | C10: Alpha Mart | D10: {=IFERROR( INDEX(merchants!A:A, MATCH(UPPER(TRIM(E10)), UPPER(TRIM(merchants!B:B)), 0) ), "MISSING")} -> M001 | E10: =UPPER(TRIM(C10)) -> ALPHA MART | F10: {=IFERROR( INDEX(merchants!C:C, MATCH(UPPER(TRIM(E10)), UPPER(TRIM(merchants!B:B)), 0) ), "MISSING")} -> Aisha Khan | G10: {=IFERROR( INDEX(merchants!D:D, MATCH(UPPER(TRIM(E10)), UPPER(TRIM(merchants!B:B)), 0) ), "MISSING")} -> Grocery | H10: 125000 | I10: INR | J10: {=IFERROR( H10 * INDEX(exchange_rates!C$2:C$100, MATCH(1, (exchange_rates!A$2:A$100=B10) * (UPPER(TRIM(exchange_rates!B$2:B$100))=UPPER(TRIM(I10))), 0) ), "MISSING")} -> 1512.5 | K10: =IF(AND(R10="APAC",J10>5000),1, IF(AND(R10="EU",J10>6000),1, IF(AND(R10="US",J10>7000),1,0))) -> 0 | L10: captured | M10: =UPPER(TRIM(L10)) -> CAPTURED | N10: 46 | O10: =IFERROR(VALUE(RIGHT(N10, LEN(N10) - MAX(IFERROR(FIND(":",N10),0), IFERROR(FIND("-",N10),0)))), "MISSING") -> 46 | P10: =IF(OR(AND(ISNUMBER(O10),O10>=70),ISNUMBER(SEARCH("chargeback",M10))),1,0) -> 0 | Q10: APAC | R10: =IF(Q10="","MISSING",UPPER(TRIM(Q10))) -> APAC | S10: U002 | T10: Wallet
A11: T010 | B11: 46084 | C11: Beta Stores | D11: {=IFERROR( INDEX(merchants!A:A, MATCH(UPPER(TRIM(E11)), UPPER(TRIM(merchants!B:B)), 0) ), "MISSING")} -> M002 | E11: =UPPER(TRIM(C11)) -> BETA STORES | F11: {=IFERROR( INDEX(merchants!C:C, MATCH(UPPER(TRIM(E11)), UPPER(TRIM(merchants!B:B)), 0) ), "MISSING")} -> Rohan Mehta | G11: {=IFERROR( INDEX(merchants!D:D, MATCH(UPPER(TRIM(E11)), UPPER(TRIM(merchants!B:B)), 0) ), "MISSING")} -> Electronics | H11: 610000 | I11: INR | J11: {=IFERROR( H11 * INDEX(exchange_rates!C$2:C$100, MATCH(1, (exchange_rates!A$2:A$100=B11) * (UPPER(TRIM(exchange_rates!B$2:B$100))=UPPER(TRIM(I11))), 0) ), "MISSING")} -> 7381 | K11: =IF(AND(R11="APAC",J11>5000),1, IF(AND(R11="EU",J11>6000),1, IF(AND(R11="US",J11>7000),1,0))) -> 0 | L11: captured | M11: =UPPER(TRIM(L11)) -> CAPTURED | N11: risk-77 | O11: =IFERROR(VALUE(RIGHT(N11, LEN(N11) - MAX(IFERROR(FIND(":",N11),0), IFERROR(FIND("-",N11),0)))), "MISSING") -> 77 | P11: =IF(OR(AND(ISNUMBER(O11),O11>=70),ISNUMBER(SEARCH("chargeback",M11))),1,0) -> 1 | R11: =IF(Q11="","MISSING",UPPER(TRIM(Q11))) -> MISSING | S11: U003 | T11: Card
A12: T011 | B12: 46084 | C12: Alpha Mart | D12: {=IFERROR( INDEX(merchants!A:A, MATCH(UPPER(TRIM(E12)), UPPER(TRIM(merchants!B:B)), 0) ), "MISSING")} -> M001 | E12: =UPPER(TRIM(C12)) -> ALPHA MART | F12: {=IFERROR( INDEX(merchants!C:C, MATCH(UPPER(TRIM(E12)), UPPER(TRIM(merchants!B:B)), 0) ), "MISSING")} -> Aisha Khan | G12: {=IFERROR( INDEX(merchants!D:D, MATCH(UPPER(TRIM(E12)), UPPER(TRIM(merchants!B:B)), 0) ), "MISSING")} -> Grocery | H12: 195000 | I12: INR | J12: {=IFERROR( H12 * INDEX(exchange_rates!C$2:C$100, MATCH(1, (exchange_rates!A$2:A$100=B12) * (UPPER(TRIM(exchange_rates!B$2:B$100))=UPPER(TRIM(I12))), 0) ), "MISSING")} -> 2359.5 | K12: =IF(AND(R12="APAC",J12>5000),1, IF(AND(R12="EU",J12>6000),1, IF(AND(R12="US",J12>7000),1,0))) -> 0 | L12: FAILED e05 TIMEOUT | M12: =UPPER(TRIM(L12)) -> FAILED E05 TIMEOUT | O12: =IFERROR(VALUE(RIGHT(N12, LEN(N12) - MAX(IFERROR(FIND(":",N12),0), IFERROR(FIND("-",N12),0)))), "MISSING") -> MISSING | P12: =IF(OR(AND(ISNUMBER(O12),O12>=70),ISNUMBER(SEARCH("chargeback",M12))),1,0) -> 0 | R12: =IF(Q12="","MISSING",UPPER(TRIM(Q12))) -> MISSING | S12: U008 | T12: UPI
A13: T012 | B13: 46085 | C13: Beta Stores | D13: {=IFERROR( INDEX(merchants!A:A, MATCH(UPPER(TRIM(E13)), UPPER(TRIM(merchants!B:B)), 0) ), "MISSING")} -> M002 | E13: =UPPER(TRIM(C13)) -> BETA STORES | F13: {=IFERROR( INDEX(merchants!C:C, MATCH(UPPER(TRIM(E13)), UPPER(TRIM(merchants!B:B)), 0) ), "MISSING")} -> Rohan Mehta | G13: {=IFERROR( INDEX(merchants!D:D, MATCH(UPPER(TRIM(E13)), UPPER(TRIM(merchants!B:B)), 0) ), "MISSING")} -> Electronics | H13: 250000 | I13: INR | J13: {=IFERROR( H13 * INDEX(exchange_rates!C$2:C$100, MATCH(1, (exchange_rates!A$2:A$100=B13) * (UPPER(TRIM(exchange_rates!B$2:B$100))=UPPER(TRIM(I13))), 0) ), "MISSING")} -> 3000 | K13: =IF(AND(R13="APAC",J13>5000),1, IF(AND(R13="EU",J13>6000),1, IF(AND(R13="US",J13>7000),1,0))) -> 0 | L13: captured | M13: =UPPER(TRIM(L13)) -> CAPTURED | N13: risk-61 | O13: =IFERROR(VALUE(RIGHT(N13, LEN(N13) - MAX(IFERROR(FIND(":",N13),0), IFERROR(FIND("-",N13),0)))), "MISSING") -> 61 | P13: =IF(OR(AND(ISNUMBER(O13),O13>=70),ISNUMBER(SEARCH("chargeback",M13))),1,0) -> 0 | Q13: APAC | R13: =IF(Q13="","MISSING",UPPER(TRIM(Q13))) -> APAC | S13: U009 | T13: Card
A14: T013 | B14: 46085 | C14: alpha mart | D14: {=IFERROR( INDEX(merchants!A:A, MATCH(UPPER(TRIM(E14)), UPPER(TRIM(merchants!B:B)), 0) ), "MISSING")} -> M001 | E14: =UPPER(TRIM(C14)) -> ALPHA MART | F14: {=IFERROR( INDEX(merchants!C:C, MATCH(UPPER(TRIM(E14)), UPPER(TRIM(merchants!B:B)), 0) ), "MISSING")} -> Aisha Khan | G14: {=IFERROR( INDEX(merchants!D:D, MATCH(UPPER(TRIM(E14)), UPPER(TRIM(merchants!B:B)), 0) ), "MISSING")} -> Grocery | H14: 310000 | I14: INR | J14: {=IFERROR( H14 * INDEX(exchange_rates!C$2:C$100, MATCH(1, (exchange_rates!A$2:A$100=B14) * (UPPER(TRIM(exchange_rates!B$2:B$100))=UPPER(TRIM(I14))), 0) ), "MISSING")} -> 3720 | K14: =IF(AND(R14="APAC",J14>5000),1, IF(AND(R14="EU",J14>6000),1, IF(AND(R14="US",J14>7000),1,0))) -> 0 | L14: captured | M14: =UPPER(TRIM(L14)) -> CAPTURED | N14: score:54 | O14: =IFERROR(VALUE(RIGHT(N14, LEN(N14) - MAX(IFERROR(FIND(":",N14),0), IFERROR(FIND("-",N14),0)))), "MISSING") -> 54 | P14: =IF(OR(AND(ISNUMBER(O14),O14>=70),ISNUMBER(SEARCH("chargeback",M14))),1,0) -> 0 | Q14: APAC | R14: =IF(Q14="","MISSING",UPPER(TRIM(Q14))) -> APAC | S14: U010 | T14: UPI
A15: T014 | B15: 46085 | C15: Beta Stores | D15: {=IFERROR( INDEX(merchants!A:A, MATCH(UPPER(TRIM(E15)), UPPER(TRIM(merchants!B:B)), 0) ), "MISSING")} -> M002 | E15: =UPPER(TRIM(C15)) -> BETA STORES | F15: {=IFERROR( INDEX(merchants!C:C, MATCH(UPPER(TRIM(E15)), UPPER(TRIM(merchants!B:B)), 0) ), "MISSING")} -> Rohan Mehta | G15: {=IFERROR( INDEX(merchants!D:D, MATCH(UPPER(TRIM(E15)), UPPER(TRIM(merchants!B:B)), 0) ), "MISSING")} -> Electronics | H15: 470000 | I15: INR | J15: {=IFERROR( H15 * INDEX(exchange_rates!C$2:C$100, MATCH(1, (exchange_rates!A$2:A$100=B15) * (UPPER(TRIM(exchange_rates!B$2:B$100))=UPPER(TRIM(I15))), 0) ), "MISSING")} -> 5640 | K15: =IF(AND(R15="APAC",J15>5000),1, IF(AND(R15="EU",J15>6000),1, IF(AND(R15="US",J15>7000),1,0))) -> 1 | L15: captured | M15: =UPPER(TRIM(L15)) -> CAPTURED | N15: risk-73 | O15: =IFERROR(VALUE(RIGHT(N15, LEN(N15) - MAX(IFERROR(FIND(":",N15),0), IFERROR(FIND("-",N15),0)))), "MISSING") -> 73 | P15: =IF(OR(AND(ISNUMBER(O15),O15>=70),ISNUMBER(SEARCH("chargeback",M15))),1,0) -> 1 | Q15: APAC | R15: =IF(Q15="","MISSING",UPPER(TRIM(Q15))) -> APAC | S15: U001 | T15: NetBanking
A16: T015 | B16: 46085 | C16: Alpha Mart | D16: {=IFERROR( INDEX(merchants!A:A, MATCH(UPPER(TRIM(E16)), UPPER(TRIM(merchants!B:B)), 0) ), "MISSING")} -> M001 | E16: =UPPER(TRIM(C16)) -> ALPHA MART | F16: {=IFERROR( INDEX(merchants!C:C, MATCH(UPPER(TRIM(E16)), UPPER(TRIM(merchants!B:B)), 0) ), "MISSING")} -> Aisha Khan | G16: {=IFERROR( INDEX(merchants!D:D, MATCH(UPPER(TRIM(E16)), UPPER(TRIM(merchants!B:B)), 0) ), "MISSING")} -> Grocery | H16: 130000 | I16: INR | J16: {=IFERROR( H16 * INDEX(exchange_rates!C$2:C$100, MATCH(1, (exchange_rates!A$2:A$100=B16) * (UPPER(TRIM(exchange_rates!B$2:B$100))=UPPER(TRIM(I16))), 0) ), "MISSING")} -> 1560 | K16: =IF(AND(R16="APAC",J16>5000),1, IF(AND(R16="EU",J16>6000),1, IF(AND(R16="US",J16>7000),1,0))) -> 0 | L16: captured | M16: =UPPER(TRIM(L16)) -> CAPTURED | N16: score:52 | O16: =IFERROR(VALUE(RIGHT(N16, LEN(N16) - MAX(IFERROR(FIND(":",N16),0), IFERROR(FIND("-",N16),0)))), "MISSING") -> 52 | P16: =IF(OR(AND(ISNUMBER(O16),O16>=70),ISNUMBER(SEARCH("chargeback",M16))),1,0) -> 0 | R16: =IF(Q16="","MISSING",UPPER(TRIM(Q16))) -> MISSING | S16: U002 | T16: Card
A17: T016 | B17: 46086 | C17: Beta Stores | D17: {=IFERROR( INDEX(merchants!A:A, MATCH(UPPER(TRIM(E17)), UPPER(TRIM(merchants!B:B)), 0) ), "MISSING")} -> M002 | E17: =UPPER(TRIM(C17)) -> BETA STORES | F17: {=IFERROR( INDEX(merchants!C:C, MATCH(UPPER(TRIM(E17)), UPPER(TRIM(merchants!B:B)), 0) ), "MISSING")} -> Rohan Mehta | G17: {=IFERROR( INDEX(merchants!D:D, MATCH(UPPER(TRIM(E17)), UPPER(TRIM(merchants!B:B)), 0) ), "MISSING")} -> Electronics | H17: 220000 | I17: INR | J17: {=IFERROR( H17 * INDEX(exchange_rates!C$2:C$100, MATCH(1, (exchange_rates!A$2:A$100=B17) * (UPPER(TRIM(exchange_rates!B$2:B$100))=UPPER(TRIM(I17))), 0) ), "MISSING")} -> 2596 | K17: =IF(AND(R17="APAC",J17>5000),1, IF(AND(R17="EU",J17>6000),1, IF(AND(R17="US",J17>7000),1,0))) -> 0 | L17: failed E05 timeout | M17: =UPPER(TRIM(L17)) -> FAILED E05 TIMEOUT | N17: risk-69 | O17: =IFERROR(VALUE(RIGHT(N17, LEN(N17) - MAX(IFERROR(FIND(":",N17),0), IFERROR(FIND("-",N17),0)))), "MISSING") -> 69 | P17: =IF(OR(AND(ISNUMBER(O17),O17>=70),ISNUMBER(SEARCH("chargeback",M17))),1,0) -> 0 | R17: =IF(Q17="","MISSING",UPPER(TRIM(Q17))) -> MISSING | S17: U008 | T17: Card
A18: T017 | B18: 46086 | C18: Beta Stores | D18: {=IFERROR( INDEX(merchants!A:A, MATCH(UPPER(TRIM(E18)), UPPER(TRIM(merchants!B:B)), 0) ), "MISSING")} -> M002 | E18: =UPPER(TRIM(C18)) -> BETA STORES | F18: {=IFERROR( INDEX(merchants!C:C, MATCH(UPPER(TRIM(E18)), UPPER(TRIM(merchants!B:B)), 0) ), "MISSING")} -> Rohan Mehta | G18: {=IFERROR( INDEX(merchants!D:D, MATCH(UPPER(TRIM(E18)), UPPER(TRIM(merchants!B:B)), 0) ), "MISSING")} -> Electronics | H18: 180000 | I18: INR | J18: {=IFERROR( H18 * INDEX(exchange_rates!C$2:C$100, MATCH(1, (exchange_rates!A$2:A$100=B18) * (UPPER(TRIM(exchange_rates!B$2:B$100))=UPPER(TRIM(I18))), 0) ), "MISSING")} -> 2124 | K18: =IF(AND(R18="APAC",J18>5000),1, IF(AND(R18="EU",J18>6000),1, IF(AND(R18="US",J18>7000),1,0))) -> 0 | L18: Failed E05 Timeout | M18: =UPPER(TRIM(L18)) -> FAILED E05 TIMEOUT | N18: score:72 | O18: =IFERROR(VALUE(RIGHT(N18, LEN(N18) - MAX(IFERROR(FIND(":",N18),0), IFERROR(FIND("-",N18),0)))), "MISSING") -> 72 | P18: =IF(OR(AND(ISNUMBER(O18),O18>=70),ISNUMBER(SEARCH("chargeback",M18))),1,0) -> 1 | Q18: apac | R18: =IF(Q18="","MISSING",UPPER(TRIM(Q18))) -> APAC | S18: U008 | T18: Card
A19: T018 | B19: 46086 | C19: BETA STORES | D19: {=IFERROR( INDEX(merchants!A:A, MATCH(UPPER(TRIM(E19)), UPPER(TRIM(merchants!B:B)), 0) ), "MISSING")} -> M002 | E19: =UPPER(TRIM(C19)) -> BETA STORES | F19: {=IFERROR( INDEX(merchants!C:C, MATCH(UPPER(TRIM(E19)), UPPER(TRIM(merchants!B:B)), 0) ), "MISSING")} -> Rohan Mehta | G19: {=IFERROR( INDEX(merchants!D:D, MATCH(UPPER(TRIM(E19)), UPPER(TRIM(merchants!B:B)), 0) ), "MISSING")} -> Electronics | H19: 145000 | I19: INR | J19: {=IFERROR( H19 * INDEX(exchange_rates!C$2:C$100, MATCH(1, (exchange_rates!A$2:A$100=B19) * (UPPER(TRIM(exchange_rates!B$2:B$100))=UPPER(TRIM(I19))), 0) ), "MISSING")} -> 1711 | K19: =IF(AND(R19="APAC",J19>5000),1, IF(AND(R19="EU",J19>6000),1, IF(AND(R19="US",J19>7000),1,0))) -> 0 | L19: chargeback | M19: =UPPER(TRIM(L19)) -> CHARGEBACK | N19: risk-86 | O19: =IFERROR(VALUE(RIGHT(N19, LEN(N19) - MAX(IFERROR(FIND(":",N19),0), IFERROR(FIND("-",N19),0)))), "MISSING") -> 86 | P19: =IF(OR(AND(ISNUMBER(O19),O19>=70),ISNUMBER(SEARCH("chargeback",M19))),1,0) -> 1 | Q19: APAC | R19: =IF(Q19="","MISSING",UPPER(TRIM(Q19))) -> APAC | S19: U008 | T19: UPI
A20: T019 | B20: 46086 | C20: Alpha Mart | D20: {=IFERROR( INDEX(merchants!A:A, MATCH(UPPER(TRIM(E20)), UPPER(TRIM(merchants!B:B)), 0) ), "MISSING")} -> M001 | E20: =UPPER(TRIM(C20)) -> ALPHA MART | F20: {=IFERROR( INDEX(merchants!C:C, MATCH(UPPER(TRIM(E20)), UPPER(TRIM(merchants!B:B)), 0) ), "MISSING")} -> Aisha Khan | G20: {=IFERROR( INDEX(merchants!D:D, MATCH(UPPER(TRIM(E20)), UPPER(TRIM(merchants!B:B)), 0) ), "MISSING")} -> Grocery | H20: 260000 | I20: INR | J20: {=IFERROR( H20 * INDEX(exchange_rates!C$2:C$100, MATCH(1, (exchange_rates!A$2:A$100=B20) * (UPPER(TRIM(exchange_rates!B$2:B$100))=UPPER(TRIM(I20))), 0) ), "MISSING")} -> 3068 | K20: =IF(AND(R20="APAC",J20>5000),1, IF(AND(R20="EU",J20>6000),1, IF(AND(R20="US",J20>7000),1,0))) -> 0 | L20: Failed E05 Timeout | M20: =UPPER(TRIM(L20)) -> FAILED E05 TIMEOUT | N20: score:67 | O20: =IFERROR(VALUE(RIGHT(N20, LEN(N20) - MAX(IFERROR(FIND(":",N20),0), IFERROR(FIND("-",N20),0)))), "MISSING") -> 67 | P20: =IF(OR(AND(ISNUMBER(O20),O20>=70),ISNUMBER(SEARCH("chargeback",M20))),1,0) -> 0 | Q20: apac | R20: =IF(Q20="","MISSING",UPPER(TRIM(Q20))) -> APAC | S20: U008 | T20: Wallet
A21: T020 | B21: 46086 | C21: Alpha Mart | D21: {=IFERROR( INDEX(merchants!A:A, MATCH(UPPER(TRIM(E21)), UPPER(TRIM(merchants!B:B)), 0) ), "MISSING")} -> M001 | E21: =UPPER(TRIM(C21)) -> ALPHA MART | F21: {=IFERROR( INDEX(merchants!C:C, MATCH(UPPER(TRIM(E21)), UPPER(TRIM(merchants!B:B)), 0) ), "MISSING")} -> Aisha Khan | G21: {=IFERROR( INDEX(merchants!D:D, MATCH(UPPER(TRIM(E21)), UPPER(TRIM(merchants!B:B)), 0) ), "MISSING")} -> Grocery | H21: 520000 | I21: INR | J21: {=IFERROR( H21 * INDEX(exchange_rates!C$2:C$100, MATCH(1, (exchange_rates!A$2:A$100=B21) * (UPPER(TRIM(exchange_rates!B$2:B$100))=UPPER(TRIM(I21))), 0) ), "MISSING")} -> 6136 | K21: =IF(AND(R21="APAC",J21>5000),1, IF(AND(R21="EU",J21>6000),1, IF(AND(R21="US",J21>7000),1,0))) -> 1 | L21: Captured | M21: =UPPER(TRIM(L21)) -> CAPTURED | N21: 75 | O21: =IFERROR(VALUE(RIGHT(N21, LEN(N21) - MAX(IFERROR(FIND(":",N21),0), IFERROR(FIND("-",N21),0)))), "MISSING") -> 75 | P21: =IF(OR(AND(ISNUMBER(O21),O21>=70),ISNUMBER(SEARCH("chargeback",M21))),1,0) -> 1 | Q21: APAC | R21: =IF(Q21="","MISSING",UPPER(TRIM(Q21))) -> APAC | S21: U005 | T21: UPI
A22: T021 | B22: 46087 | C22: beta stores | D22: {=IFERROR( INDEX(merchants!A:A, MATCH(UPPER(TRIM(E22)), UPPER(TRIM(merchants!B:B)), 0) ), "MISSING")} -> M002 | E22: =UPPER(TRIM(C22)) -> BETA STORES | F22: {=IFERROR( INDEX(merchants!C:C, MATCH(UPPER(TRIM(E22)), UPPER(TRIM(merchants!B:B)), 0) ), "MISSING")} -> Rohan Mehta | G22: {=IFERROR( INDEX(merchants!D:D, MATCH(UPPER(TRIM(E22)), UPPER(TRIM(merchants!B:B)), 0) ), "MISSING")} -> Electronics | H22: 330000 | I22: INR | J22: {=IFERROR( H22 * INDEX(exchange_rates!C$2:C$100, MATCH(1, (exchange_rates!A$2:A$100=B22) * (UPPER(TRIM(exchange_rates!B$2:B$100))=UPPER(TRIM(I22))), 0) ), "MISSING")} -> 3927 | K22: =IF(AND(R22="APAC",J22>5000),1, IF(AND(R22="EU",J22>6000),1, IF(AND(R22="US",J22>7000),1,0))) -> 0 | L22: captured | M22: =UPPER(TRIM(L22)) -> CAPTURED | N22: score:63 | O22: =IFERROR(VALUE(RIGHT(N22, LEN(N22) - MAX(IFERROR(FIND(":",N22),0), IFERROR(FIND("-",N22),0)))), "MISSING") -> 63 | P22: =IF(OR(AND(ISNUMBER(O22),O22>=70),ISNUMBER(SEARCH("chargeback",M22))),1,0) -> 0 | R22: =IF(Q22="","MISSING",UPPER(TRIM(Q22))) -> MISSING | S22: U006 | T22: Card
A23: T022 | B23: 46087 | C23: ALPHA MART | D23: {=IFERROR( INDEX(merchants!A:A, MATCH(UPPER(TRIM(E23)), UPPER(TRIM(merchants!B:B)), 0) ), "MISSING")} -> M001 | E23: =UPPER(TRIM(C23)) -> ALPHA MART | F23: {=IFERROR( INDEX(merchants!C:C, MATCH(UPPER(TRIM(E23)), UPPER(TRIM(merchants!B:B)), 0) ), "MISSING")} -> Aisha Khan | G23: {=IFERROR( INDEX(merchants!D:D, MATCH(UPPER(TRIM(E23)), UPPER(TRIM(merchants!B:B)), 0) ), "MISSING")} -> Grocery | H23: 410000 | I23: INR | J23: {=IFERROR( H23 * INDEX(exchange_rates!C$2:C$100, MATCH(1, (exchange_rates!A$2:A$100=B23) * (UPPER(TRIM(exchange_rates!B$2:B$100))=UPPER(TRIM(I23))), 0) ), "MISSING")} -> 4879 | K23: =IF(AND(R23="APAC",J23>5000),1, IF(AND(R23="EU",J23>6000),1, IF(AND(R23="US",J23>7000),1,0))) -> 0 | L23: captured | M23: =UPPER(TRIM(L23)) -> CAPTURED | N23: 60 | O23: =IFERROR(VALUE(RIGHT(N23, LEN(N23) - MAX(IFERROR(FIND(":",N23),0), IFERROR(FIND("-",N23),0)))), "MISSING") -> 60 | P23: =IF(OR(AND(ISNUMBER(O23),O23>=70),ISNUMBER(SEARCH("chargeback",M23))),1,0) -> 0 | Q23: APAC | R23: =IF(Q23="","MISSING",UPPER(TRIM(Q23))) -> APAC | S23: U007 | T23: UPI
A24: T023 | B24: 46082 | C24: City Pharma | D24: {=IFERROR( INDEX(merchants!A:A, MATCH(UPPER(TRIM(E24)), UPPER(TRIM(merchants!B:B)), 0) ), "MISSING")} -> M003 | E24: =UPPER(TRIM(C24)) -> CITY PHARMA | F24: {=IFERROR( INDEX(merchants!C:C, MATCH(UPPER(TRIM(E24)), UPPER(TRIM(merchants!B:B)), 0) ), "MISSING")} -> Elena Rossi | G24: {=IFERROR( INDEX(merchants!D:D, MATCH(UPPER(TRIM(E24)), UPPER(TRIM(merchants!B:B)), 0) ), "MISSING")} -> Healthcare | H24: 5200 | I24: EUR | J24: {=IFERROR( H24 * INDEX(exchange_rates!C$2:C$100, MATCH(1, (exchange_rates!A$2:A$100=B24) * (UPPER(TRIM(exchange_rates!B$2:B$100))=UPPER(TRIM(I24))), 0) ), "MISSING")} -> 5616 | K24: =IF(AND(R24="APAC",J24>5000),1, IF(AND(R24="EU",J24>6000),1, IF(AND(R24="US",J24>7000),1,0))) -> 0 | L24: Captured | M24: =UPPER(TRIM(L24)) -> CAPTURED | N24: 42 | O24: =IFERROR(VALUE(RIGHT(N24, LEN(N24) - MAX(IFERROR(FIND(":",N24),0), IFERROR(FIND("-",N24),0)))), "MISSING") -> 42 | P24: =IF(OR(AND(ISNUMBER(O24),O24>=70),ISNUMBER(SEARCH("chargeback",M24))),1,0) -> 0 | Q24: EU | R24: =IF(Q24="","MISSING",UPPER(TRIM(Q24))) -> EU | S24: U003 | T24: Card
A25: T024 | B25: 46083 | C25: Eco Home | D25: {=IFERROR( INDEX(merchants!A:A, MATCH(UPPER(TRIM(E25)), UPPER(TRIM(merchants!B:B)), 0) ), "MISSING")} -> M005 | E25: =UPPER(TRIM(C25)) -> ECO HOME | F25: {=IFERROR( INDEX(merchants!C:C, MATCH(UPPER(TRIM(E25)), UPPER(TRIM(merchants!B:B)), 0) ), "MISSING")} -> Nina Weber | G25: {=IFERROR( INDEX(merchants!D:D, MATCH(UPPER(TRIM(E25)), UPPER(TRIM(merchants!B:B)), 0) ), "MISSING")} -> Home | H25: 6100 | I25: EUR | J25: {=IFERROR( H25 * INDEX(exchange_rates!C$2:C$100, MATCH(1, (exchange_rates!A$2:A$100=B25) * (UPPER(TRIM(exchange_rates!B$2:B$100))=UPPER(TRIM(I25))), 0) ), "MISSING")} -> 6649 | K25: =IF(AND(R25="APAC",J25>5000),1, IF(AND(R25="EU",J25>6000),1, IF(AND(R25="US",J25>7000),1,0))) -> 1 | L25: chargeback | M25: =UPPER(TRIM(L25)) -> CHARGEBACK | N25: score:65 | O25: =IFERROR(VALUE(RIGHT(N25, LEN(N25) - MAX(IFERROR(FIND(":",N25),0), IFERROR(FIND("-",N25),0)))), "MISSING") -> 65 | P25: =IF(OR(AND(ISNUMBER(O25),O25>=70),ISNUMBER(SEARCH("chargeback",M25))),1,0) -> 1 | Q25: EU | R25: =IF(Q25="","MISSING",UPPER(TRIM(Q25))) -> EU | S25: U004 | T25: Card
A26: T025 | B26: 46084 | C26: City Pharma | D26: {=IFERROR( INDEX(merchants!A:A, MATCH(UPPER(TRIM(E26)), UPPER(TRIM(merchants!B:B)), 0) ), "MISSING")} -> M003 | E26: =UPPER(TRIM(C26)) -> CITY PHARMA | F26: {=IFERROR( INDEX(merchants!C:C, MATCH(UPPER(TRIM(E26)), UPPER(TRIM(merchants!B:B)), 0) ), "MISSING")} -> Elena Rossi | G26: {=IFERROR( INDEX(merchants!D:D, MATCH(UPPER(TRIM(E26)), UPPER(TRIM(merchants!B:B)), 0) ), "MISSING")} -> Healthcare | H26: 2800 | I26: EUR | J26: {=IFERROR( H26 * INDEX(exchange_rates!C$2:C$100, MATCH(1, (exchange_rates!A$2:A$100=B26) * (UPPER(TRIM(exchange_rates!B$2:B$100))=UPPER(TRIM(I26))), 0) ), "MISSING")} -> 3024 | K26: =IF(AND(R26="APAC",J26>5000),1, IF(AND(R26="EU",J26>6000),1, IF(AND(R26="US",J26>7000),1,0))) -> 0 | L26: captured | M26: =UPPER(TRIM(L26)) -> CAPTURED | N26: 38 | O26: =IFERROR(VALUE(RIGHT(N26, LEN(N26) - MAX(IFERROR(FIND(":",N26),0), IFERROR(FIND("-",N26),0)))), "MISSING") -> 38 | P26: =IF(OR(AND(ISNUMBER(O26),O26>=70),ISNUMBER(SEARCH("chargeback",M26))),1,0) -> 0 | Q26: eu | R26: =IF(Q26="","MISSING",UPPER(TRIM(Q26))) -> EU | S26: U005 | T26: Wallet
A27: T026 | B27: 46086 | C27: Eco Home | D27: {=IFERROR( INDEX(merchants!A:A, MATCH(UPPER(TRIM(E27)), UPPER(TRIM(merchants!B:B)), 0) ), "MISSING")} -> M005 | E27: =UPPER(TRIM(C27)) -> ECO HOME | F27: {=IFERROR( INDEX(merchants!C:C, MATCH(UPPER(TRIM(E27)), UPPER(TRIM(merchants!B:B)), 0) ), "MISSING")} -> Nina Weber | G27: {=IFERROR( INDEX(merchants!D:D, MATCH(UPPER(TRIM(E27)), UPPER(TRIM(merchants!B:B)), 0) ), "MISSING")} -> Home | H27: 3300 | I27: EUR | J27: {=IFERROR( H27 * INDEX(exchange_rates!C$2:C$100, MATCH(1, (exchange_rates!A$2:A$100=B27) * (UPPER(TRIM(exchange_rates!B$2:B$100))=UPPER(TRIM(I27))), 0) ), "MISSING")} -> 3597 | K27: =IF(AND(R27="APAC",J27>5000),1, IF(AND(R27="EU",J27>6000),1, IF(AND(R27="US",J27>7000),1,0))) -> 0 | L27: Failed E05 Timeout | M27: =UPPER(TRIM(L27)) -> FAILED E05 TIMEOUT | N27: 44 | O27: =IFERROR(VALUE(RIGHT(N27, LEN(N27) - MAX(IFERROR(FIND(":",N27),0), IFERROR(FIND("-",N27),0)))), "MISSING") -> 44 | P27: =IF(OR(AND(ISNUMBER(O27),O27>=70),ISNUMBER(SEARCH("chargeback",M27))),1,0) -> 0 | Q27: EU | R27: =IF(Q27="","MISSING",UPPER(TRIM(Q27))) -> EU | S27: U006 | T27: NetBanking
A28: T027 | B28: 46082 | C28: DELTA TRAVELS | D28: {=IFERROR( INDEX(merchants!A:A, MATCH(UPPER(TRIM(E28)), UPPER(TRIM(merchants!B:B)), 0) ), "MISSING")} -> M004 | E28: =UPPER(TRIM(C28)) -> DELTA TRAVELS | F28: {=IFERROR( INDEX(merchants!C:C, MATCH(UPPER(TRIM(E28)), UPPER(TRIM(merchants!B:B)), 0) ), "MISSING")} -> Marcus Lee | G28: {=IFERROR( INDEX(merchants!D:D, MATCH(UPPER(TRIM(E28)), UPPER(TRIM(merchants!B:B)), 0) ), "MISSING")} -> Travel | H28: 7200 | I28: USD | J28: {=IFERROR( H28 * INDEX(exchange_rates!C$2:C$100, MATCH(1, (exchange_rates!A$2:A$100=B28) * (UPPER(TRIM(exchange_rates!B$2:B$100))=UPPER(TRIM(I28))), 0) ), "MISSING")} -> 7200 | K28: =IF(AND(R28="APAC",J28>5000),1, IF(AND(R28="EU",J28>6000),1, IF(AND(R28="US",J28>7000),1,0))) -> 1 | L28: captured | M28: =UPPER(TRIM(L28)) -> CAPTURED | N28: 49 | O28: =IFERROR(VALUE(RIGHT(N28, LEN(N28) - MAX(IFERROR(FIND(":",N28),0), IFERROR(FIND("-",N28),0)))), "MISSING") -> 49 | P28: =IF(OR(AND(ISNUMBER(O28),O28>=70),ISNUMBER(SEARCH("chargeback",M28))),1,0) -> 0 | Q28: us | R28: =IF(Q28="","MISSING",UPPER(TRIM(Q28))) -> US | S28: U007 | T28: Card
A29: T028 | B29: 46083 | C29: Delta Travels | D29: {=IFERROR( INDEX(merchants!A:A, MATCH(UPPER(TRIM(E29)), UPPER(TRIM(merchants!B:B)), 0) ), "MISSING")} -> M004 | E29: =UPPER(TRIM(C29)) -> DELTA TRAVELS | F29: {=IFERROR( INDEX(merchants!C:C, MATCH(UPPER(TRIM(E29)), UPPER(TRIM(merchants!B:B)), 0) ), "MISSING")} -> Marcus Lee | G29: {=IFERROR( INDEX(merchants!D:D, MATCH(UPPER(TRIM(E29)), UPPER(TRIM(merchants!B:B)), 0) ), "MISSING")} -> Travel | H29: 3100 | I29: USD | J29: {=IFERROR( H29 * INDEX(exchange_rates!C$2:C$100, MATCH(1, (exchange_rates!A$2:A$100=B29) * (UPPER(TRIM(exchange_rates!B$2:B$100))=UPPER(TRIM(I29))), 0) ), "MISSING")} -> 3100 | K29: =IF(AND(R29="APAC",J29>5000),1, IF(AND(R29="EU",J29>6000),1, IF(AND(R29="US",J29>7000),1,0))) -> 0 | L29: CAPTURED | M29: =UPPER(TRIM(L29)) -> CAPTURED | N29: risk-41 | O29: =IFERROR(VALUE(RIGHT(N29, LEN(N29) - MAX(IFERROR(FIND(":",N29),0), IFERROR(FIND("-",N29),0)))), "MISSING") -> 41 | P29: =IF(OR(AND(ISNUMBER(O29),O29>=70),ISNUMBER(SEARCH("chargeback",M29))),1,0) -> 0 | Q29: US | R29: =IF(Q29="","MISSING",UPPER(TRIM(Q29))) -> US | S29: U008 | T29: Card
A30: T029 | B30: 46085 | C30: delta travels | D30: {=IFERROR( INDEX(merchants!A:A, MATCH(UPPER(TRIM(E30)), UPPER(TRIM(merchants!B:B)), 0) ), "MISSING")} -> M004 | E30: =UPPER(TRIM(C30)) -> DELTA TRAVELS | F30: {=IFERROR( INDEX(merchants!C:C, MATCH(UPPER(TRIM(E30)), UPPER(TRIM(merchants!B:B)), 0) ), "MISSING")} -> Marcus Lee | G30: {=IFERROR( INDEX(merchants!D:D, MATCH(UPPER(TRIM(E30)), UPPER(TRIM(merchants!B:B)), 0) ), "MISSING")} -> Travel | H30: 2500 | I30: USD | J30: {=IFERROR( H30 * INDEX(exchange_rates!C$2:C$100, MATCH(1, (exchange_rates!A$2:A$100=B30) * (UPPER(TRIM(exchange_rates!B$2:B$100))=UPPER(TRIM(I30))), 0) ), "MISSING")} -> 2500 | K30: =IF(AND(R30="APAC",J30>5000),1, IF(AND(R30="EU",J30>6000),1, IF(AND(R30="US",J30>7000),1,0))) -> 0 | L30: chargeback | M30: =UPPER(TRIM(L30)) -> CHARGEBACK | N30: score:58 | O30: =IFERROR(VALUE(RIGHT(N30, LEN(N30) - MAX(IFERROR(FIND(":",N30),0), IFERROR(FIND("-",N30),0)))), "MISSING") -> 58 | P30: =IF(OR(AND(ISNUMBER(O30),O30>=70),ISNUMBER(SEARCH("chargeback",M30))),1,0) -> 1 | Q30: US | R30: =IF(Q30="","MISSING",UPPER(TRIM(Q30))) -> US | S30: U009 | T30: Wallet
A31: T030 | B31: 46087 | C31: DELTA TRAVELS | D31: {=IFERROR( INDEX(merchants!A:A, MATCH(UPPER(TRIM(E31)), UPPER(TRIM(merchants!B:B)), 0) ), "MISSING")} -> M004 | E31: =UPPER(TRIM(C31)) -> DELTA TRAVELS | F31: {=IFERROR( INDEX(merchants!C:C, MATCH(UPPER(TRIM(E31)), UPPER(TRIM(merchants!B:B)), 0) ), "MISSING")} -> Marcus Lee | G31: {=IFERROR( INDEX(merchants!D:D, MATCH(UPPER(TRIM(E31)), UPPER(TRIM(merchants!B:B)), 0) ), "MISSING")} -> Travel | H31: 1800 | I31: USD | J31: {=IFERROR( H31 * INDEX(exchange_rates!C$2:C$100, MATCH(1, (exchange_rates!A$2:A$100=B31) * (UPPER(TRIM(exchange_rates!B$2:B$100))=UPPER(TRIM(I31))), 0) ), "MISSING")} -> 1800 | K31: =IF(AND(R31="APAC",J31>5000),1, IF(AND(R31="EU",J31>6000),1, IF(AND(R31="US",J31>7000),1,0))) -> 0 | L31: Failed E05 Timeout | M31: =UPPER(TRIM(L31)) -> FAILED E05 TIMEOUT | N31: score:47 | O31: =IFERROR(VALUE(RIGHT(N31, LEN(N31) - MAX(IFERROR(FIND(":",N31),0), IFERROR(FIND("-",N31),0)))), "MISSING") -> 47 | P31: =IF(OR(AND(ISNUMBER(O31),O31>=70),ISNUMBER(SEARCH("chargeback",M31))),1,0) -> 0 | Q31: US | R31: =IF(Q31="","MISSING",UPPER(TRIM(Q31))) -> US | S31: U010 | T31: UPI

Sheet merchants
A1: merchant_id | B1: merchant_name | C1: account_manager | D1: merchant_category | E1: default_region
A2: M001 | B2: Alpha Mart | C2: Aisha Khan | D2: Grocery | E2: APAC
A3: M002 | B3: Beta Stores | C3: Rohan Mehta | D3: Electronics | E3: APAC
A4: M003 | B4: City Pharma | C4: Elena Rossi | D4: Healthcare | E4: EU
A5: M004 | B5: Delta Travels | C5: Marcus Lee | D5: Travel | E5: US
A6: M005 | B6: Eco Home | C6: Nina Weber | D6: Home | E6: EU

Sheet exchange_rates
A1: rate_date | B1: currency | C1: usd_rate
A2: 46082 | B2: INR | C2: 0.0119
A3: 46082 | B3: EUR | C3: 1.08
A4: 46082 | B4: USD | C4: 1
A5: 46083 | B5: INR | C5: 0.012
A6: 46083 | B6: EUR | C6: 1.09
A7: 46083 | B7: USD | C7: 1
A8: 46084 | B8: INR | C8: 0.0121
A9: 46084 | B9: EUR | C9: 1.08
A10: 46084 | B10: USD | C10: 1
A11: 46085 | B11: INR | C11: 0.012
A12: 46085 | B12: EUR | C12: 1.07
A13: 46085 | B13: USD | C13: 1
... A19: 46087 | B19: USD | C19: 1
